goods_id,pub_user_id,goods_name,labels
7,81753,眉县猕猴桃,营养滋补|有机绿色
8,72860,海德力征服乳清蛋白6磅,健美瘦身|营养滋补
9,251,阿玛尼(EmporioArmani)满天星手表 钢制表带 圆形石英女士手表 AR1926,高端
10,208,变美神器,开学季|平价替代
11,81744,迪奥日月星辰手链,大牌|轻奢|定制
12,81753,乾县苹果🍎绿色无公害,有机绿色
13,72491,Vida Glow 经典原味深海鱼胶原蛋白粉90克30小包,女式|ins|明星同款
14,5355,Melrose麦萝氏纯天然椰子油  300克,时尚达人|网红产品|纯天然 
15,72491,Vida Glow 经典原味深海鱼胶原蛋白粉90克30小包,护肤达人|紧致抗衰老|明星同款
16,72491,Vida Glow 蓝莓味深海鱼胶原蛋白粉,明星同款|紧致抗衰老|护肤达人
17,72491,Vida Glow 蜜桃深海鱼胶原蛋白粉,纯天然|ins|明星同款
18,72491,Vida Glow 芒果深海鱼胶原蛋白粉,ins|大牌|紧致抗衰老
19,72491,Vida Glow 菠萝深海鱼胶原蛋白粉,紧致抗衰老|明星同款|护肤达人
20,5355,Vida glow澳洲深海鱼胶原蛋白粉 多口味可选,网红产品|七夕/情人节|营养滋补|呵护女性|ins
21,82621,张贝贝同款针织衫秋季新款女韩版简约百搭小香风毛衣女宽松外穿,网红产品|明星款|定制|小香风|ins
22,72491,melrose纯天然椰子油,厨神周边|ins|居家必备
23,72491,Melrose 绿植精萃粉全能绿瘦子,熬夜必备|有机绿色|进口
24,81753,眉县猕猴桃 🥝乾县苹果🍎,吃货
25,11326,我的小弟弟都不一样,运动|复古|定制
26,11326,电话号码给,原创|休闲
27,72491,Melrose /麦萝氏 绿瘦子 200g,有机绿色|进口|美容养颜
28,82449,雅赞六层纱枫林爬服睡袋,网红产品
29,82626,未完成,休闲
30,72491,Vida Glow 深海鱼胶原蛋白粉 90克30小包 多味可选,紧致抗衰老|护肤达人|明星同款
31,82594,阿玛尼AR11202左右眼,高端|轻奢|大牌
32,82555,乐力活性益生菌2g*20袋,呵护女性|养生达人|网红产品|健美瘦身|营养滋补
33,82449,雅赞六层纱枫林披肩,网红产品
34,72491,Melrose 麦萝氏纯天然椰子油,养生达人|ins|健美瘦身
35,82555,美宝莲眼唇卸妆液脸部温和清洁眼唇脸三合一卸妆水150ml,美妆达人|大牌|明星同款|约会
36,72491,eimele /亦餐全食低卡营养代餐粉 多味可选,健美瘦身|网红产品|ins
37,82624,SHUIBASHA 水芭莎逆龄多肽精华液,明星同款
38,82624,SHUIBASHA 水芭莎逆龄多肽精华液,明星同款
39,82629,全母大闸蟹12只礼盒装（顺丰包邮）,熬夜必备|吃货|网红产品|方便速食
40,82449,儿童绿色花漾家居服,网红产品
41,82449,绿色花漾家居服,备孕|辣妈|圣诞|七夕/情人节|旅行|网红产品
42,82631,PUGEE水光精华粉凝霜,美妆达人|敏感肌|保湿补水|纯天然|明星同款
43,82631,PUGEE水光精华粉凝霜,美妆达人|敏感肌|保湿补水|纯天然|明星同款
44,72860,奥钻束腰WAISTMEUP束腰,健美瘦身|七夕/情人节|约会|网红产品|呵护女性
45,82637,丝绒阔腿裤,甜美|国潮|休闲
46,82639,富勒烯蛋白灯泡肌面膜,明星同款|李佳琦|大牌|紧致抗衰老|护肤达人
47,82637,韩国班尼兔智趣儿童保温杯,开学季|ins|网红产品|户外|旅行
48,38723,烟友伴侣沉合香,宴会|网红产品|旅行|户外|约会
49,82626,复刻潮流,潮牌
50,80782,韩风条纹卫衣,甜美|休闲|约会
51,82626,复刻潮牌,女神必备
52,82631,ICE GINA酸奶固体饮料,方便速食|美容养颜|网红产品|吃货|进口
53,80782,压褶简约衬衣,港风|约会
54,82643,火山泥去黑头深层清洁面膜,清洁|纯天然|明星同款
55,82631,MOS小Refa莹润紧致按摩霜,明星同款|网红产品|紧致抗衰老|敏感肌|纯天然
56,82643,燕窝灌肤免洗面膜,干皮|保湿补水|纯天然
57,82643,鱼子精华熬夜睡眠面膜,纯天然|美白|保湿补水
58,82643,益生元调养面膜,祛痘控油|紧致抗衰老|美白
59,80782,仙女网纱裙,甜美|约会|日韩
60,82631,PUGEE睫毛滋养液,明星同款|女式|男式|国货之光|纯天然
61,80782,拼接设计牛仔短外套,小个子穿搭
62,82629,全母红膏大闸蟹12只礼盒装（顺丰包邮）,无辣不欢|熬夜必备|宴会|方便速食|吃货
63,80782,高腰直筒老爹牛仔裤,复古|小个子穿搭|港风
64,80782,九分垂感微喇叭裤,港风|小个子穿搭
65,80782,九分高腰直筒宽松阔腿裤,日韩|休闲
66,80782,复古洗水感高腰宽松牛仔裤,小个子穿搭|复古|港风
67,80782,复古阔腿老爹裤,复古|小个子穿搭|日韩
68,82629,咸蛋黄锅巴（净含量248克装）,吃货
69,80782,少女感白色衬衫,约会|甜美
70,80782,高弹力绑绳T恤,休闲|甜美
71,80782,复古波点衬衫,甜美|复古
72,82652,🤵男士日常搭配  情侣👫鞋搭配 安利～     ,休闲|运动
73,80782,复古宽松偏光人鱼姬衬衫,甜美|港风|ins
74,82651,官方正品 中科特膳美膳美姿纤美营养素4.5配方全国包邮5盒装膳食,营养滋补|养生达人|健美瘦身
75,80782,高腰百褶短裙半身裙,小个子穿搭|开学季
76,82651,官方正品 中科特膳美膳美姿纤美营养素4.5配方全国包邮5盒装膳食,营养滋补|养生达人|健美瘦身
77,72799,德玛润抗衰肽灌注液,美白|保湿补水|紧致抗衰老
78,5603,小ck酒神包,网红产品|ins|甜美|原创
79,82581,蔻驰翻盖邮差包,女式|ins|高端
80,80782,雪纺连衣裙,日韩|约会
81,72624,兰蔻大粉水,保湿补水|大牌|明星同款
82,82581,鳄鱼纹漆皮凯莉包,明星款|高端|大牌
83,72624,德国小甘菊护手霜,女式|平价替代|护理好物
84,82581,mcm家包包,ins|明星款|女式
85,80782,秋季垂感百搭阔腿裤,休闲|小个子穿搭
86,80782,复古泡泡袖针织开衫,复古|港风|约会|小个子穿搭
87,80782,气质显瘦西装连衣裙外套配腰包,港风|小个子穿搭|女神必备
88,80782,经典款浅杏色格纹风衣,职场OL|日韩|女神必备
89,80782,品质款小西装百褶短裙套装（可拆卖）,小个子穿搭|女神必备|日韩
90,80782,法式浪漫丝绒上衣,复古|女神必备|甜美
91,80782,复古雕花小毛球针织开衫,港风|甜美|复古|小个子穿搭
92,80782,秋冬韩版显瘦风衣外套,日韩|小个子穿搭|职场OL
93,80782,慵懒风条纹宽松针织开衫,约会|休闲|日韩
94,80782,高腰不规则百褶半身短裙,开学季|小个子穿搭
95,80782,百搭高腰阔腿牛仔裤配腰带,复古|日韩
96,80782,秋冬丝绒吊带连衣裙,约会|女神必备
97,80782,秋冬两件套针织套装,甜美|女神必备
98,80782,酷女孩皮夹克短款机车服,小个子穿搭
99,80782,系带领长袖衬衫,复古|甜美
100,82631,PUGEE冰岛地衣面膜,干皮|敏感肌|保湿补水|祛痘控油|明星同款
101,82631,PUGEE冰岛地衣面膜,男式|女式|敏感肌|祛痘控油|明星同款
102,82631,MOSTLY TINY酸奶固体饮料,熬夜必备|吃货|美容养颜|网红产品|方便速食
103,82631,MOSTLY TINY酸奶固体饮料,美容养颜|方便速食|吃货|网红产品|进口
104,82631,PUGEE葡糖苷洁面露,国货之光|男式|女式|清洁|祛痘控油
105,82631,ICE GINA酸奶固体饮料,吃货|熬夜必备|美容养颜|方便速食|进口
106,72491,Minenssey 蔓索面膜5款任选,护肤达人|明星同款|网红产品
107,72799,跃燃代餐粉复合蛋白固体饮料（芝士味➕玉米味）,有机绿色|美容养颜|方便速食
108,72456,本色丽人,祛斑|美白
109,72456,本色丽人马油羊奶皂,纯天然|祛痘控油|清洁
110,80782,羊毛呢细千鸟格秋冬半裙,小个子穿搭
111,80782,休闲复古工装风衣外套,休闲|复古
112,80782,高腰简约小直筒牛仔裤,港风
113,80782,秋冬绒面双面毛呢过膝长款外套,女神必备
114,80782,双排扣双面呢绒面短款外套,小个子穿搭
115,80782,秋冬韩版双排扣系带风衣,小个子穿搭|职场OL|女神必备
116,5603,迪克斯Dickies束腿工装裤,穿搭达人|街头|网红产品|运动|嘻哈|男神必备|极简|港风|户外
117,5603,迪克斯Dickies19ss#工装风开衫连帽工装夹克外套,嘻哈|原创|港风|男神必备|潮牌
118,80782,秋冬宽松显瘦菱格温柔针织开衫,甜美|复古
119,80782,搞怪印花吸睛短款卫衣,日韩|休闲|小个子穿搭
120,80782,渐变色网纱百褶半身裙,约会|甜美|小个子穿搭
121,80782,搞怪印花吸睛短款卫衣,休闲|日韩|小个子穿搭
122,81054,春素小皙食品级小苏打牙膏,居家必备
123,81054,春素小皙草本修护专效牙膏,居家必备
124,81054,春素小皙草本亮齿专效牙膏,护理好物
125,80782,高腰直筒垂感宽松牛仔裤,开学季|休闲
126,80782,慵懒风宽松百搭套头针织衫,开学季|休闲
127,82594,"空军低帮系列
耐克 Nike Air Force 1",男式|户外|运动
128,82397,雅诗兰黛特润小棕瓶,大牌|紧致抗衰老|保湿补水|敏感肌
129,82660,姿蒎水润美颜粉底液,学生党|混油|干皮
130,82397,雅斯兰黛抗蓝光眼霜,紧致抗衰老|大牌|保湿补水|敏感肌|明星同款
131,82397,兰蔻小黑瓶面部精华肌底液,大牌|敏感肌|明星同款|紧致抗衰老|保湿补水
132,82660,姿蒎滋润水颜保湿养肤面膜,干皮|混油|保湿补水
133,82397,纪梵希散粉 四宫格,网红产品|大牌|明星同款|美妆达人|混油
134,82397,兰蔻菁纯丝绒雾面哑光唇膏,甜美初恋|李佳琦|约会|明星同款|ins
135,82660,欧束口红,约会|美妆达人|网红产品
136,80782,渐变色网纱仙女百褶裙,约会|女神必备
137,82629,蓬松酥脆外酥里嫩 性价比超高小麻花,吃货|旅行
138,82629,私房酸辣鸡爪 冰镇配雪碧可乐 人间值得！,熬夜必备|无辣不欢|吃货
139,82629,幸运蜜汁鸭舌（原味/辣）,熬夜必备|方便速食|无辣不欢|吃货
140,82629,幸运小花 （椒盐/蜂蜜）蓬松酥脆 外酥里嫩 性价比超高,吃货
141,82629,无添加蔓越莓干 美容养颜 哄娃神器酸甜可口,旅行|美容养颜|营养滋补|熬夜必备|吃货
142,82629,流心绿豆冰糕  冷藏后冰冰凉更好吃,旅行|吃货|户外
143,82629,无添加草莓干,约会|吃货|旅行
144,82629,幸运蜜汁鸭舌（原味/辣）必入！推荐！,吃货|无辣不欢|熬夜必备
145,81054,春素小皙生姜原液洗发水套装,护理好物
146,82397,The body shop生姜洗发水,护理好物|网红产品|李佳琦
147,81054,春素小皙植物营养修护洗发套装,护理好物
148,82397,狮王祛痘膏,平价替代|祛痘控油
149,82397,YSL黑管唇釉#416烂番茄红,美妆达人|网红产品|明星同款|大牌
150,81054,春素小皙氨基酸洗发套装,清洁好物
151,82397,日本ITO洗脸巾纯棉一次性卷装美容院ITO卷筒式洁面巾懒人,网红产品|平价替代|女式|清洁好物|男式
152,81054,春素小皙生姜洗护旅行装,旅行|护理好物|清洁好物
153,81054,春素小皙氨基酸洗发水旅行套装,护理好物|旅行|清洁好物
154,81054,春素植物洗发水旅行装,清洁好物|护理好物|旅行
155,81054,春素悦净百合香氛沐浴精华,平价替代|国货之光|居家必备|清洁好物|护理好物
156,81054,春素悦净茉莉香氛沐浴精华,护理好物|清洁好物|居家必备|平价替代|国货之光
157,81054,小皙浪漫香水身体乳,平价替代|国货之光
158,81054,小皙植物香氛护手霜,邻家女孩|平价替代|国货之光|护肤达人
159,82652,2019最新秋季网红款潮牌高帮真皮休闲鞋  磨砂牛皮材质 超软橡胶底 跟高3厘米  码数标,运动|休闲|户外|潮牌
160,82626,复刻潮流,潮牌
161,81054,小皙凝彩纤长睫毛膏,约会|邻家女孩|平价替代|美妆达人|国货之光
162,81054,小皙轻奢唇情口红,国货之光|七夕/情人节|美妆达人|平价替代
163,81054,小皙自然光感裸透CC霜,七夕/情人节|网红产品|平价替代|国货之光|美妆达人
164,81054,小皙幻彩轻透四色散粉,混油|学生党|约会|国货之光|美妆达人
165,81054,小皙净透润肌卸妆油,平价替代|纯天然|化妆新手|护肤达人|清洁
166,82629,咸蛋黄锅巴（净含量150克装）,吃货
167,72860,英斯力筋膜枪,健美瘦身|ins|呵护女性|网红产品|养生达人
168,82629,幸运蛋黄酥（6枚）,旅行|熬夜必备|方便速食|吃货|户外
169,82629,酱卤金钱肚,无辣不欢|吃货
170,82629,老妈牛肉豆腐干（笋干/香菇）,方便速食|吃货
171,82629,香烤芝麻猪肉铺,熬夜必备|方便速食|吃货
172,82569,一簇麦大麦若叶青汁麦苗粉50包*3g,网红产品|有机绿色|吃货
173,82569,能瘦肚子缓解便秘的大麦青汁,有机绿色|网红产品|美容养颜
174,82569,代餐饼干红豆薏米粗粮饼干,吃货|网红产品|熬夜必备
175,82569,倍食泰莱阳慈梨膏润肺止咳250g/瓶,美容养颜|营养滋补
176,82569,洋葱泡红酒洋葱原浆,美容养颜|品味美酒|营养滋补
177,82569,烘焙干吃水果燕麦片350g/罐,方便速食|网红产品|吃货
178,82629,干菜肉酥饼（一袋20个以上）,方便速食|吃货|户外|旅行
179,82569,包邮烘焙干吃黑糖坚果麦片,吃货|方便速食|网红产品
180,82569,谷物脆烘焙麦片泡酸奶350g,网红产品|开学季|吃货
181,82569,浅笙酸奶酥脆麦片做牛奶杯350g,吃货|旅行|网红产品
182,80782,复古V领宽松显瘦慵懒针织外套,约会|复古
183,72618,Air Force 1 '07 AF1空军一号  海外发售版 四个配色 尺码：36-45,潮牌|网红产品
184,72618,vans,潮牌
185,82644,悦萌动多彩系列纸尿裤拉拉裤,6个月-1岁|1-3岁|1-6个月
186,82626,复刻潮流服饰,休闲
187,82626,复刻潮流服饰,潮牌
188,82626,复刻潮流服饰,开学季|休闲
189,82397,科颜氏牛油果面膜,网红产品|保湿补水|敏感肌|干皮
190,82397,资生堂红腰子精华,保湿补水|紧致抗衰老|明星同款|网红产品|敏感肌
191,82569,烘焙坚果酥脆燕麦片,吃货|方便速食|开学季
192,82569,九蒸九晒黑芝麻丸以黑养黑,网红产品|营养滋补|美容养颜
193,82569,以黑养黑的黑芝麻丸30粒,营养滋补|美容养颜|熬夜必备
194,82569,肉松海苔坚果即食燕麦片,开学季|吃货|方便速食
195,82656,黑魔法洗脸巾,李佳琦|旅行|纯天然 
196,5603,DW手表红色尼龙女,港风|宴会|中国风|轻奢|网红产品
197,72790,魔力🉑🉑液态饮,网红产品|美容养颜|宴会
198,72790,魔力可可液态饮,网红产品|吃货|方便速食
199,82626,复刻潮流服饰,潮牌
200,82626,复刻潮流服饰,穿搭达人
201,82626,复刻潮流服饰,潮牌
202,82626,复刻潮流服饰,潮牌
203,82626,复刻潮流,穿搭达人
204,72456,本色丽人靓肤套盒,祛斑|保湿补水|美白
205,72456,本色丽人,保湿补水|纯天然|敏感肌
206,72456,本色丽人沁颜保湿水乳,保湿补水|纯天然|敏感肌
207,72456,本色丽人金皙炫彩唇膏,美妆达人|平价替代|纯天然
208,80782,『限时』百搭高腰牛仔裤配腰带,女神必备|休闲
209,72456,本色丽人彩妆全系列,邻家女孩|大牌|护肤达人
210,82652,我是卖衣服，鞋子的,女式|休闲|运动|开学季|潮牌
211,82644,好奇纸尿裤拉拉裤,6个月-1岁|1-6个月|1-3岁
212,82629,精品山核桃仁（2019年新货）,有机绿色|方便速食|营养滋补|吃货|熬夜必备
213,82629,🌰无添加板栗肉 🌰这是一款非常优秀的燕山板栗肉,营养滋补|吃货|有机绿色|开学季|方便速食
214,82629,无添加桑葚山楂条,开学季|有机绿色|吃货|营养滋补
215,82629,幸运川味海草（中辣）,吃货|方便速食|无辣不欢
216,82629,芒果干,吃货|方便速食|开学季
217,82629,糯糯山楂树,户外|方便速食|吃货|开学季
218,82629,鱼虾锅巴（净含量205g）独家配方,方便速食|吃货|开学季
219,82629,幸运海苔锅巴（原味/ 酱烤虾味）,方便速食|吃货|开学季
220,82629,零添加肉松（原味/海苔）,吃货|有机绿色|开学季|方便速食
221,82629,鱼豆腐(净含量250克),开学季|吃货|方便速食|户外|旅行
222,82629,鱼骨豆豆（蚕豆，青豆，鱼骨）这是一罐丰富的休闲零食,方便速食|开学季|吃货|无辣不欢|旅行
223,72456,本色丽人黄金人参娇颜修护套盒,紧致抗衰老|敏感肌|保湿补水
224,72456,本色丽人金皙柔皙轻透防护隔离霜,紧致抗衰老|护肤达人|混油
225,82624,【全家益起益生菌】【499元双礼包】 升级款YPEPRO活性益生菌4盒  https://bm.cn/ZENOjw?ac,网红产品
226,82624,【全家益起益生菌】【499元双礼包】 升级款YPEPRO活性益生菌4盒  https://bm.cn/ZENOjw?ac,网红产品
227,72456,本色丽人金皙丽人面膜,保湿补水|护肤达人|大牌
228,72484,玉米豆,开学季|网红产品|户外|旅行|吃货
229,72484,卡乐比燕麦片,吃货|网红产品|营养滋补|开学季|方便速食
230,72484,大闸蟹,有机绿色|营养滋补|宴会|吃货
231,82644,晴雨安睡裤,备孕|辣妈
232,72799,美宝莲巨持色哑光液体唇膏5ml,大牌|宴会|女式
233,72799,LANCÔME 兰蔻 新水份缘保湿舒缓日霜 15毫升/瓶 3瓶,护肤达人|保湿补水|干皮
234,82449,雅赞新生儿双层纱半背衣,备孕|网红产品|1-6个月|辣妈
235,79830,洗脸巾礼包,清洁好物
236,82637,笑脸卫衣,网红产品|国潮|休闲|ins|日韩
237,82637,男士运动套装,休闲|运动
238,82637,双面真德绒男士保暖吊带背心套装,休闲|男神必备|ins
239,82637,情侣保温杯500ml,高品质生活|旅行|开学季|居家必备|网红产品
240,82637,情侣保温杯500ml,高品质生活|旅行|开学季|居家必备|网红产品
241,82637,GUESS情侣款19秋冬最新代购款潮牌卫衣,旅行|网红产品|ins|开学季|运动|户外|休闲|潮牌
242,82637,雪地靴纯羊皮羊毛内里,女式|运动|户外|网红产品|旅行
243,82637,2019秋季新款迪士尼合作款加绒卫衣,潮牌|明星款|ins|网红产品|休闲
244,82637,摇粒绒外套,旅行|运动|潮牌|网红产品|户外|休闲
245,5603,🇷🇺米奇 珊瑚绒连体家居服 199💰  嫩粉色厚款  浅咖色厚款  豹纹色薄款 珊瑚绒面料 细腻触感绒毛密实 保暖,小个子穿搭|中国风|高端|圣诞|休闲
246,82629,爽口黄桃干,水果女王|吃货|开学季
247,82629,小幸运玉米蛋酥    健康美味不发胖的小零食,方便速食|开学季|吃货|户外
248,82629,蜜汁卤牛肉   香辣适中 甜而不腻 回味无穷,开学季|无辣不欢|方便速食|吃货
249,82629,秘制香辣牛百叶,开学季|无辣不欢|吃货|方便速食
250,82629,韩味烤肉丝 口感丰富饱满吃了还想吃,方便速食|开学季|吃货
251,82629,新西兰香辣牛肉干   大块 厚实 撕咬的快感爽爆了！,方便速食|吃货|开学季|无辣不欢
252,81746,AJ,网红产品|明星款|户外
253,5603,zara流浪包,高端|开学季|潮牌|女式|职场OL
254,82731,康巴赫不粘锅第二代蜂巢304不锈钢炒锅蜂窝炒菜锅家用德国正品,高品质生活|居家必备|网红产品
255,82629,大麦若叶青糕   名副其实的营养价值,开学季|吃货|有机绿色|营养滋补
256,82731,康巴赫旗舰店官方旗舰不锈钢煎锅第三代平底锅不粘锅家用德国煎饼,网红产品|居家必备|高品质生活
257,3609,镂空围脖套头针织衫宽松时尚柔软女式毛衣,网红产品|甜美|女神必备
258,5532,百搭机械表、时尚潮流,轻奢|明星款|宴会
259,82737,软绵绵-仿貂毛腰带款家居服套装,甜美|定制|高端|休闲|女神必备
260,3609,早秋新款时尚慵懒风女式套头针织衫,ins|网红产品|甜美
261,82737,软绵绵-兔绒套头舒服家居服套装,ins|运动|甜美|开学季|网红产品
262,82723,深爱儿童智能U型牙刷,进口|1-3岁|辣妈|3岁以上|网红产品
263,82737,蕾丝聚拢养生内衣👙,高端|甜美|女神必备|明星款|ins
264,3609,复古加绒加厚高领卫衣韩版宽松假两件,复古|港风|网红产品
265,3609,宽松连帽韩版印花牛角加绒加厚女式卫衣,网红产品|甜美|女神必备
266,82594,Vans小腰包黑色,户外
267,82594,mac中国风十二件套,女式|网红产品
268,82493,畅素润养玉容面膜,纯天然|清洁|保湿补水
269,81746,🍑福利特价虎头腰包,七夕/情人节|女式|大牌
270,39593,深谷坊石磨黑小麦面2.5kg,吃货|营养滋补
271,5603,小ck大菱格,职场OL|宴会|网红产品|中国风|ins
272,39593,深谷坊石磨全麦粉,营养滋补
273,82637,加厚符合水貂绒运动服,大牌|旅行|户外|开学季|休闲|运动
274,82727,MIAOR米澳时光新奵面部精华液,国货之光|敏感肌|化妆新手
275,39593,深谷坊石碾小米,吃货
276,82637,Acne秋冬同款马海毛彩虹格子羊毛围巾保暖加厚,约会|网红产品|旅行|轻奢|高端
277,82637,正版授权hellokitty手帐礼盒,开学季|网红产品|轻奢|收纳达人|高品质生活
278,82637,分割拼接拉链绒卫衣外套,户外|旅行|网红产品|休闲|甜美
279,82637,19年最新秋款风衣儿童斗篷风衣,3岁以上|户外|旅行|开学季
280,82727,MIAOR米澳时光新奵面部精华液,敏感肌|平价替代|化妆新手
281,82741, 2019新版老爹裤升级,休闲
282,82741,定向开发进口金银丝牛仔面料背带裤,复古|甜美
283,82741,定向开发进口金银丝牛仔面料背带裤,复古|甜美
284,81699,万代拼装模型 RG 1/144 牛高达 V Nu RX-93,创意礼品|发烧友|ins
285,82742,空军Airforce1 07'V8  黑‎白‎生‎胶​ 海外​发​售版,潮牌|休闲|国潮|户外|运动
286,72484,无骨凤爪,方便速食|网红产品|吃货|无辣不欢
287,72484,肉肉肠,吃货|方便速食
288,82742,空军Airforce1 07'V8  黑‎白‎生‎胶​ 海外​发​售版36-45,国潮|运动|休闲|潮牌
289,82742,"空军一号Airforce1 07'V8  ""黑白‎绷带"" 海​外发售‎版",国潮|运动|潮牌|休闲
290,82644,玻尿酸精华液 面部精华德国进口艾菲珂尼（ELFCONY）原液30支安瓶   7支安瓶,保湿补水|美妆达人|紧致抗衰老
291,82644,玻尿酸精华液 面部精华德国进口艾菲珂尼（ELFCONY）原液30支安瓶  7支安瓶,保湿补水|紧致抗衰老|护肤达人
292,80782,韩版小高领长袖T恤,日韩
293,81746,🍑阿迪六色卫衣,休闲|运动|约会
294,81746,🦁狮子王卫衣,旅行|开学季|嘻哈
295,82758,毛毛鞋,网红产品|ins|日韩
296,82776,限定 满天星 天使 巴斯夫真爆,中国风|网红产品|运动|男式|ins
297,82776,700椰子 磁铁 新配色 工厂一手货源,运动|ins|明星款|网红产品
298,82782,路易威*,男式|大牌|明星款|高端|休闲
299,82782,路易威*,男式|大牌|高端|网红产品|休闲
300,82792,卡西欧运动手表黑金,潮牌|高端|网红产品
301,11326,我们,护肤达人
302,230,茶几,北欧简约
303,81753,眉县猕猴桃🥝,有机绿色
304,82782,路易威*,休闲|大牌|网红产品|男式|明星款
305,82818,IU同款耳钉,明星款|约会|日韩
306,82792,OW卫衣,高端|潮牌|穿搭达人
307,82631,PUGEE寡肽修复冻干粉组合,敏感肌|药妆|护肤达人|国货之光|紧致抗衰老
308,82792,卡西欧,潮牌|大牌|ins
309,82754,日本 高丝kose美容液面膜贴30片抽取式,干皮|美妆达人|敏感肌
310,82629,澳洲淡水龙虾🦞（香辣/蒜泥可选）顺丰包邮 鲜美饱满的肉质爽翻了！,方便速食|无辣不欢|开学季|吃货|营养滋补
311,82629,秘制香辣蟹脚 中辣比较辣 不能吃辣的北鼻慎入（收到不食用需第一时间冷冻）,方便速食|无辣不欢|吃货|开学季
312,82629,大麦若叶青糕 （原味豆沙双拼）冷藏风味更佳,开学季|方便速食|吃货|营养滋补
313,82629,桑葚无添加山楂条,有机绿色|开学季|方便速食|吃货|营养滋补
314,82629,XO酱肉脯 口感柔软不失嚼劲,开学季|方便速食|吃货
315,82629,幸运QQ肠  肉香扑鼻，紧实劲道,开学季|吃货|方便速食
316,82629,幸运小筑牛肉棒 蜜汁炭烤 微微甜辣,方便速食|开学季|吃货
317,82768,麦斯凯尔纸尿裤,辣妈|6个月-1岁|1-6个月
318,82629,黑胡椒猪肉脯   办公室下午点心必备、出游必备,吃货|方便速食|开学季
319,82629,特级秘制猪肉脯   入口甜咸交融 鲜味诱人 嚼劲十足 回味悠长,方便速食|户外|吃货|开学季
320,82629,香辣鸭脖 🌶️超级过瘾辣到骨头里,开学季|方便速食|吃货|无辣不欢
321,82629,蟹香腰果 吮指美味的休闲零食,吃货|营养滋补|方便速食|开学季
322,82629,盐水鸭头,吃货|开学季|方便速食|无辣不欢
323,82629,盐水鸭翅 不会吃辣或者不能吃辣的宝宝们 你们的美味肉食来啦‼️,吃货|开学季|方便速食
324,82629,吮指酱鸡翅（4只装）无添加好吃到舔手指,吃货|方便速食|开学季
325,82629,无骨蒜香鸭掌一袋11包左右 满满一袋都是肉  性价比超高,方便速食|吃货|开学季
326,82629,蟹黄锅巴  🦀️每包都有油炸小螃蟹哦香脆鲜美！,旅行|开学季|吃货|方便速食
327,82629,全母小闸蟹2罐装共24只（蒜泥/香辣）,开学季|无辣不欢|吃货|宴会
328,82629,全母小闸蟹2罐装共24只（香辣/蒜泥）包邮到家,无辣不欢|吃货|开学季|宴会
329,81746,🍑tutuanna地板袜,七夕/情人节|女式|原创
